{"mean_squared_error": 0.0006397531684000877, "mean_absolute_error": 0.016941635846497695, "r2": 0.6651099361243257, "train_size": 946211, "full_train_min": 0.0, "full_train_sec": 10.017572625074536, "titel_embedding_min": 0.0, "titel_embedding_sec": 33.74547725007869}