{"mean_squared_error": 0.000688798721103898, "mean_absolute_error": 0.01710555349111017, "r2": 0.8246852491302417, "train_size": 60358, "full_train_min": 0.0, "full_train_sec": 20.25413379096426, "titel_embedding_min": 0.0, "titel_embedding_sec": 26.955965125001967}